num_voters,num_alternatives,0_winners,1_winners,2_winners,3_winners,4_winners,5_winners,6_winners,7_winners,8_winners,9_winners,10_winners,has_winner
2,2,0,50.036%,49.964%,0,0,0,0,0,0,0,0,100%
3,2,0,100.0%,0,0,0,0,0,0,0,0,0,100%
4,2,0,62.419%,37.581%,0,0,0,0,0,0,0,0,100%
5,2,0,100.0%,0,0,0,0,0,0,0,0,0,100%
6,2,0,68.686%,31.314%,0,0,0,0,0,0,0,0,100%
7,2,0,100.0%,0,0,0,0,0,0,0,0,0,100%
8,2,0,72.693%,27.307%,0,0,0,0,0,0,0,0,100%
9,2,0,100.0%,0,0,0,0,0,0,0,0,0,100%
10,2,0,75.43%,24.57%,0,0,0,0,0,0,0,0,100%
11,2,0,100.0%,0,0,0,0,0,0,0,0,0,100%
12,2,0,77.507%,22.493%,0,0,0,0,0,0,0,0,100%
13,2,0,100.0%,0,0,0,0,0,0,0,0,0,100%
14,2,0,79.01%,20.99%,0,0,0,0,0,0,0,0,100%
15,2,0,100.0%,0,0,0,0,0,0,0,0,0,100%
16,2,0,80.506%,19.494%,0,0,0,0,0,0,0,0,100%
17,2,0,100.0%,0,0,0,0,0,0,0,0,0,100%
18,2,0,81.624%,18.376%,0,0,0,0,0,0,0,0,100%
19,2,0,100.0%,0,0,0,0,0,0,0,0,0,100%
20,2,0,82.594%,17.406%,0,0,0,0,0,0,0,0,100%
21,2,0,100.0%,0,0,0,0,0,0,0,0,0,100%
22,2,0,83.271%,16.729%,0,0,0,0,0,0,0,0,100%
23,2,0,100.0%,0,0,0,0,0,0,0,0,0,100%
24,2,0,83.913%,16.087%,0,0,0,0,0,0,0,0,100%
25,2,0,100.0%,0,0,0,0,0,0,0,0,0,100%
26,2,0,84.469%,15.531%,0,0,0,0,0,0,0,0,100%
27,2,0,100.0%,0,0,0,0,0,0,0,0,0,100%
28,2,0,85.159%,14.841%,0,0,0,0,0,0,0,0,100%
29,2,0,100.0%,0,0,0,0,0,0,0,0,0,100%
30,2,0,85.361%,14.639%,0,0,0,0,0,0,0,0,100%
31,2,0,100.0%,0,0,0,0,0,0,0,0,0,100%
32,2,0,86.066%,13.934%,0,0,0,0,0,0,0,0,100%
33,2,0,100.0%,0,0,0,0,0,0,0,0,0,100%
34,2,0,86.454%,13.546%,0,0,0,0,0,0,0,0,100%
35,2,0,100.0%,0,0,0,0,0,0,0,0,0,100%
36,2,0,86.797%,13.203%,0,0,0,0,0,0,0,0,100%
37,2,0,100.0%,0,0,0,0,0,0,0,0,0,100%
38,2,0,87.107%,12.893%,0,0,0,0,0,0,0,0,100%
39,2,0,100.0%,0,0,0,0,0,0,0,0,0,100%
40,2,0,87.28%,12.72%,0,0,0,0,0,0,0,0,100%
41,2,0,100.0%,0,0,0,0,0,0,0,0,0,100%
42,2,0,87.75%,12.25%,0,0,0,0,0,0,0,0,100%
43,2,0,100.0%,0,0,0,0,0,0,0,0,0,100%
44,2,0,88.1%,11.9%,0,0,0,0,0,0,0,0,100%
45,2,0,100.0%,0,0,0,0,0,0,0,0,0,100%
46,2,0,88.192%,11.808%,0,0,0,0,0,0,0,0,100%
47,2,0,100.0%,0,0,0,0,0,0,0,0,0,100%
48,2,0,88.505%,11.495%,0,0,0,0,0,0,0,0,100%
49,2,0,100.0%,0,0,0,0,0,0,0,0,0,100%
50,2,0,88.696%,11.304%,0,0,0,0,0,0,0,0,100%
51,2,0,100.0%,0,0,0,0,0,0,0,0,0,100%
52,2,0,89.056%,10.944%,0,0,0,0,0,0,0,0,100%
53,2,0,100.0%,0,0,0,0,0,0,0,0,0,100%
54,2,0,89.059%,10.941%,0,0,0,0,0,0,0,0,100%
55,2,0,100.0%,0,0,0,0,0,0,0,0,0,100%
56,2,0,89.373%,10.627%,0,0,0,0,0,0,0,0,100%
57,2,0,100.0%,0,0,0,0,0,0,0,0,0,100%
58,2,0,89.509%,10.491%,0,0,0,0,0,0,0,0,100%
59,2,0,100.0%,0,0,0,0,0,0,0,0,0,100%
60,2,0,89.503%,10.497%,0,0,0,0,0,0,0,0,100%
61,2,0,100.0%,0,0,0,0,0,0,0,0,0,100%
62,2,0,89.949%,10.051%,0,0,0,0,0,0,0,0,100%
63,2,0,100.0%,0,0,0,0,0,0,0,0,0,100%
64,2,0,90.156%,9.844%,0,0,0,0,0,0,0,0,100%
65,2,0,100.0%,0,0,0,0,0,0,0,0,0,100%
66,2,0,90.346%,9.654%,0,0,0,0,0,0,0,0,100%
67,2,0,100.0%,0,0,0,0,0,0,0,0,0,100%
68,2,0,90.214%,9.786%,0,0,0,0,0,0,0,0,100%
69,2,0,100.0%,0,0,0,0,0,0,0,0,0,100%
70,2,0,90.517%,9.483%,0,0,0,0,0,0,0,0,100%
71,2,0,100.0%,0,0,0,0,0,0,0,0,0,100%
72,2,0,90.653%,9.347%,0,0,0,0,0,0,0,0,100%
73,2,0,100.0%,0,0,0,0,0,0,0,0,0,100%
74,2,0,90.813%,9.187%,0,0,0,0,0,0,0,0,100%
75,2,0,100.0%,0,0,0,0,0,0,0,0,0,100%
76,2,0,90.825%,9.175%,0,0,0,0,0,0,0,0,100%
77,2,0,100.0%,0,0,0,0,0,0,0,0,0,100%
78,2,0,90.824%,9.176%,0,0,0,0,0,0,0,0,100%
79,2,0,100.0%,0,0,0,0,0,0,0,0,0,100%
80,2,0,90.84%,9.16%,0,0,0,0,0,0,0,0,100%
81,2,0,100.0%,0,0,0,0,0,0,0,0,0,100%
82,2,0,91.284%,8.716%,0,0,0,0,0,0,0,0,100%
83,2,0,100.0%,0,0,0,0,0,0,0,0,0,100%
84,2,0,91.317%,8.683%,0,0,0,0,0,0,0,0,100%
85,2,0,100.0%,0,0,0,0,0,0,0,0,0,100%
86,2,0,91.286%,8.714%,0,0,0,0,0,0,0,0,100%
87,2,0,100.0%,0,0,0,0,0,0,0,0,0,100%
88,2,0,91.674%,8.326%,0,0,0,0,0,0,0,0,100%
89,2,0,100.0%,0,0,0,0,0,0,0,0,0,100%
90,2,0,91.639%,8.361%,0,0,0,0,0,0,0,0,100%
91,2,0,100.0%,0,0,0,0,0,0,0,0,0,100%
92,2,0,91.684%,8.316%,0,0,0,0,0,0,0,0,100%
93,2,0,100.0%,0,0,0,0,0,0,0,0,0,100%
94,2,0,91.876%,8.124%,0,0,0,0,0,0,0,0,100%
95,2,0,100.0%,0,0,0,0,0,0,0,0,0,100%
96,2,0,91.826%,8.174%,0,0,0,0,0,0,0,0,100%
97,2,0,100.0%,0,0,0,0,0,0,0,0,0,100%
98,2,0,91.962%,8.038%,0,0,0,0,0,0,0,0,100%
99,2,0,100.0%,0,0,0,0,0,0,0,0,0,100%
100,2,0,91.975%,8.025%,0,0,0,0,0,0,0,0,100%
2,3,0,33.32%,49.681%,16.999%,0,0,0,0,0,0,0,100%
3,3,5.619%,94.381%,0,0,0,0,0,0,0,0,0,94.381%
4,3,0,50.086%,42.989%,6.925%,0,0,0,0,0,0,0,100%
5,3,6.929%,93.071%,0,0,0,0,0,0,0,0,0,93.071%
6,3,0.378%,58.347%,37.228%,4.047%,0,0,0,0,0,0,0,99.622%
7,3,7.476%,92.524%,0,0,0,0,0,0,0,0,0,92.524%
8,3,0.766%,63.79%,32.753%,2.691%,0,0,0,0,0,0,0,99.234%
9,3,7.794%,92.206%,0,0,0,0,0,0,0,0,0,92.206%
10,3,1.178%,67.301%,29.505%,2.016%,0,0,0,0,0,0,0,98.822%
11,3,8.138%,91.862%,0,0,0,0,0,0,0,0,0,91.862%
12,3,1.436%,69.927%,27.126%,1.511%,0,0,0,0,0,0,0,98.564%
13,3,8.086%,91.914%,0,0,0,0,0,0,0,0,0,91.914%
14,3,1.798%,72.067%,24.927%,1.208%,0,0,0,0,0,0,0,98.202%
15,3,8.22%,91.78%,0,0,0,0,0,0,0,0,0,91.78%
16,3,2.089%,73.727%,23.256%,0.928%,0,0,0,0,0,0,0,97.911%
17,3,8.323%,91.677%,0,0,0,0,0,0,0,0,0,91.67699999999999%
18,3,2.303%,74.818%,22.01%,0.869%,0,0,0,0,0,0,0,97.697%
19,3,8.294%,91.706%,0,0,0,0,0,0,0,0,0,91.706%
20,3,2.608%,75.821%,20.878%,0.693%,0,0,0,0,0,0,0,97.392%
21,3,8.309%,91.691%,0,0,0,0,0,0,0,0,0,91.691%
22,3,2.765%,76.666%,19.958%,0.611%,0,0,0,0,0,0,0,97.235%
23,3,8.554%,91.446%,0,0,0,0,0,0,0,0,0,91.446%
24,3,2.884%,77.9%,18.68%,0.536%,0,0,0,0,0,0,0,97.116%
25,3,8.578%,91.422%,0,0,0,0,0,0,0,0,0,91.422%
26,3,2.929%,78.368%,18.209%,0.494%,0,0,0,0,0,0,0,97.071%
27,3,8.489%,91.511%,0,0,0,0,0,0,0,0,0,91.511%
28,3,3.188%,79.006%,17.381%,0.425%,0,0,0,0,0,0,0,96.812%
29,3,8.478%,91.522%,0,0,0,0,0,0,0,0,0,91.522%
30,3,3.358%,79.5%,16.74%,0.402%,0,0,0,0,0,0,0,96.642%
31,3,8.45%,91.55%,0,0,0,0,0,0,0,0,0,91.55%
32,3,3.326%,80.068%,16.241%,0.365%,0,0,0,0,0,0,0,96.674%
33,3,8.484%,91.516%,0,0,0,0,0,0,0,0,0,91.516%
34,3,3.508%,80.277%,15.891%,0.324%,0,0,0,0,0,0,0,96.492%
35,3,8.733%,91.267%,0,0,0,0,0,0,0,0,0,91.267%
36,3,3.768%,80.869%,15.068%,0.295%,0,0,0,0,0,0,0,96.232%
37,3,8.537%,91.463%,0,0,0,0,0,0,0,0,0,91.463%
38,3,3.761%,81.133%,14.832%,0.274%,0,0,0,0,0,0,0,96.239%
39,3,8.554%,91.446%,0,0,0,0,0,0,0,0,0,91.446%
40,3,3.745%,81.686%,14.286%,0.283%,0,0,0,0,0,0,0,96.255%
41,3,8.594%,91.406%,0,0,0,0,0,0,0,0,0,91.406%
42,3,3.948%,81.785%,14.046%,0.221%,0,0,0,0,0,0,0,96.052%
43,3,8.63%,91.37%,0,0,0,0,0,0,0,0,0,91.37%
44,3,3.901%,82.192%,13.719%,0.188%,0,0,0,0,0,0,0,96.099%
45,3,8.605%,91.395%,0,0,0,0,0,0,0,0,0,91.395%
46,3,4.0%,82.447%,13.358%,0.195%,0,0,0,0,0,0,0,96.0%
47,3,8.581%,91.419%,0,0,0,0,0,0,0,0,0,91.419%
48,3,4.238%,82.594%,12.966%,0.202%,0,0,0,0,0,0,0,95.762%
49,3,8.594%,91.406%,0,0,0,0,0,0,0,0,0,91.406%
50,3,4.21%,82.761%,12.837%,0.192%,0,0,0,0,0,0,0,95.79%
51,3,8.559%,91.441%,0,0,0,0,0,0,0,0,0,91.441%
52,3,4.449%,83.138%,12.256%,0.157%,0,0,0,0,0,0,0,95.551%
53,3,8.506%,91.494%,0,0,0,0,0,0,0,0,0,91.494%
54,3,4.42%,83.252%,12.176%,0.152%,0,0,0,0,0,0,0,95.58%
55,3,8.598%,91.402%,0,0,0,0,0,0,0,0,0,91.402%
56,3,4.472%,83.296%,12.088%,0.144%,0,0,0,0,0,0,0,95.528%
57,3,8.588%,91.412%,0,0,0,0,0,0,0,0,0,91.412%
58,3,4.549%,83.414%,11.903%,0.134%,0,0,0,0,0,0,0,95.451%
59,3,8.715%,91.285%,0,0,0,0,0,0,0,0,0,91.285%
60,3,4.568%,83.801%,11.508%,0.123%,0,0,0,0,0,0,0,95.432%
61,3,8.632%,91.368%,0,0,0,0,0,0,0,0,0,91.368%
62,3,4.598%,83.745%,11.528%,0.129%,0,0,0,0,0,0,0,95.402%
63,3,8.652%,91.348%,0,0,0,0,0,0,0,0,0,91.348%
64,3,4.788%,84.044%,11.04%,0.128%,0,0,0,0,0,0,0,95.212%
65,3,8.659%,91.341%,0,0,0,0,0,0,0,0,0,91.341%
66,3,4.782%,84.259%,10.844%,0.115%,0,0,0,0,0,0,0,95.218%
67,3,8.668%,91.332%,0,0,0,0,0,0,0,0,0,91.332%
68,3,4.857%,84.335%,10.692%,0.116%,0,0,0,0,0,0,0,95.143%
69,3,8.65%,91.35%,0,0,0,0,0,0,0,0,0,91.35%
70,3,4.841%,84.16%,10.899%,0.1%,0,0,0,0,0,0,0,95.159%
71,3,8.548%,91.452%,0,0,0,0,0,0,0,0,0,91.452%
72,3,4.829%,84.561%,10.489%,0.121%,0,0,0,0,0,0,0,95.171%
73,3,8.625%,91.375%,0,0,0,0,0,0,0,0,0,91.375%
74,3,4.922%,84.637%,10.325%,0.116%,0,0,0,0,0,0,0,95.078%
75,3,8.739%,91.261%,0,0,0,0,0,0,0,0,0,91.261%
76,3,4.895%,84.72%,10.272%,0.113%,0,0,0,0,0,0,0,95.105%
77,3,8.727%,91.273%,0,0,0,0,0,0,0,0,0,91.273%
78,3,5.104%,84.783%,10.021%,0.092%,0,0,0,0,0,0,0,94.896%
79,3,8.633%,91.367%,0,0,0,0,0,0,0,0,0,91.367%
80,3,4.981%,84.955%,9.955%,0.109%,0,0,0,0,0,0,0,95.019%
81,3,8.596%,91.404%,0,0,0,0,0,0,0,0,0,91.404%
82,3,5.066%,84.962%,9.867%,0.105%,0,0,0,0,0,0,0,94.934%
83,3,8.69%,91.31%,0,0,0,0,0,0,0,0,0,91.31%
84,3,5.057%,85.287%,9.564%,0.092%,0,0,0,0,0,0,0,94.943%
85,3,8.734%,91.266%,0,0,0,0,0,0,0,0,0,91.266%
86,3,5.125%,85.18%,9.61%,0.085%,0,0,0,0,0,0,0,94.875%
87,3,8.724%,91.276%,0,0,0,0,0,0,0,0,0,91.276%
88,3,5.188%,85.382%,9.355%,0.075%,0,0,0,0,0,0,0,94.812%
89,3,8.694%,91.306%,0,0,0,0,0,0,0,0,0,91.306%
90,3,5.218%,85.404%,9.3%,0.078%,0,0,0,0,0,0,0,94.782%
91,3,8.797%,91.203%,0,0,0,0,0,0,0,0,0,91.203%
92,3,5.265%,85.6%,9.039%,0.096%,0,0,0,0,0,0,0,94.735%
93,3,8.611%,91.389%,0,0,0,0,0,0,0,0,0,91.389%
94,3,5.244%,85.59%,9.107%,0.059%,0,0,0,0,0,0,0,94.756%
95,3,8.568%,91.432%,0,0,0,0,0,0,0,0,0,91.432%
96,3,5.199%,85.747%,8.991%,0.063%,0,0,0,0,0,0,0,94.801%
97,3,8.603%,91.397%,0,0,0,0,0,0,0,0,0,91.397%
98,3,5.464%,85.615%,8.847%,0.074%,0,0,0,0,0,0,0,94.536%
99,3,8.753%,91.247%,0,0,0,0,0,0,0,0,0,91.247%
100,3,5.344%,85.672%,8.925%,0.059%,0,0,0,0,0,0,0,94.656%
2,4,0,25.006%,45.651%,25.293%,4.05%,0,0,0,0,0,0,100%
3,4,11.182%,88.818%,0,0,0,0,0,0,0,0,0,88.818%
4,4,0.047%,43.837%,44.352%,11.051%,0.713%,0,0,0,0,0,0,99.953%
5,4,13.771%,86.229%,0,0,0,0,0,0,0,0,0,86.229%
6,4,0.863%,53.879%,38.861%,6.178%,0.219%,0,0,0,0,0,0,99.137%
7,4,15.021%,84.979%,0,0,0,0,0,0,0,0,0,84.979%
8,4,1.712%,59.914%,34.286%,3.987%,0.101%,0,0,0,0,0,0,98.288%
9,4,15.49%,84.51%,0,0,0,0,0,0,0,0,0,84.51%
10,4,2.534%,63.635%,30.939%,2.834%,0.058%,0,0,0,0,0,0,97.466%
11,4,16.002%,83.998%,0,0,0,0,0,0,0,0,0,83.998%
12,4,3.16%,66.843%,27.819%,2.145%,0.033%,0,0,0,0,0,0,96.84%
13,4,16.152%,83.848%,0,0,0,0,0,0,0,0,0,83.848%
14,4,3.87%,68.973%,25.468%,1.672%,0.017%,0,0,0,0,0,0,96.13%
15,4,16.392%,83.608%,0,0,0,0,0,0,0,0,0,83.608%
16,4,4.401%,70.641%,23.62%,1.321%,0.017%,0,0,0,0,0,0,95.599%
17,4,16.45%,83.55%,0,0,0,0,0,0,0,0,0,83.55%
18,4,4.946%,71.666%,22.249%,1.129%,0.01%,0,0,0,0,0,0,95.054%
19,4,16.848%,83.152%,0,0,0,0,0,0,0,0,0,83.152%
20,4,5.313%,72.705%,20.967%,1.004%,0.011%,0,0,0,0,0,0,94.687%
21,4,16.555%,83.445%,0,0,0,0,0,0,0,0,0,83.445%
22,4,5.873%,73.538%,19.72%,0.861%,0.008%,0,0,0,0,0,0,94.127%
23,4,16.867%,83.133%,0,0,0,0,0,0,0,0,0,83.133%
24,4,6.004%,74.284%,18.949%,0.76%,0.003%,0,0,0,0,0,0,93.996%
25,4,16.761%,83.239%,0,0,0,0,0,0,0,0,0,83.239%
26,4,6.402%,75.162%,17.776%,0.654%,0.006%,0,0,0,0,0,0,93.598%
27,4,16.906%,83.094%,0,0,0,0,0,0,0,0,0,83.094%
28,4,6.739%,75.38%,17.304%,0.575%,0.002%,0,0,0,0,0,0,93.261%
29,4,16.861%,83.139%,0,0,0,0,0,0,0,0,0,83.139%
30,4,7.068%,76.04%,16.383%,0.508%,0.001%,0,0,0,0,0,0,92.932%
31,4,17.113%,82.887%,0,0,0,0,0,0,0,0,0,82.887%
32,4,7.297%,76.261%,15.968%,0.471%,0.003%,0,0,0,0,0,0,92.703%
33,4,17.05%,82.95%,0,0,0,0,0,0,0,0,0,82.95%
34,4,7.622%,76.674%,15.265%,0.439%,0,0,0,0,0,0,0,92.378%
35,4,17.017%,82.983%,0,0,0,0,0,0,0,0,0,82.983%
36,4,7.606%,77.05%,14.972%,0.368%,0.004%,0,0,0,0,0,0,92.394%
37,4,17.017%,82.983%,0,0,0,0,0,0,0,0,0,82.983%
38,4,8.053%,77.428%,14.16%,0.358%,0.001%,0,0,0,0,0,0,91.947%
39,4,17.141%,82.859%,0,0,0,0,0,0,0,0,0,82.85900000000001%
40,4,8.169%,77.602%,13.898%,0.331%,0,0,0,0,0,0,0,91.831%
41,4,17.185%,82.815%,0,0,0,0,0,0,0,0,0,82.815%
42,4,8.358%,77.627%,13.68%,0.335%,0,0,0,0,0,0,0,91.642%
43,4,17.154%,82.846%,0,0,0,0,0,0,0,0,0,82.846%
44,4,8.374%,78.239%,13.083%,0.304%,0,0,0,0,0,0,0,91.626%
45,4,17.212%,82.788%,0,0,0,0,0,0,0,0,0,82.788%
46,4,8.684%,78.099%,12.962%,0.255%,0,0,0,0,0,0,0,91.316%
47,4,17.058%,82.942%,0,0,0,0,0,0,0,0,0,82.94200000000001%
48,4,8.819%,78.379%,12.552%,0.25%,0,0,0,0,0,0,0,91.181%
49,4,17.278%,82.722%,0,0,0,0,0,0,0,0,0,82.72200000000001%
50,4,8.968%,78.714%,12.078%,0.24%,0,0,0,0,0,0,0,91.032%
51,4,17.111%,82.889%,0,0,0,0,0,0,0,0,0,82.889%
52,4,9.256%,78.587%,11.939%,0.214%,0.004%,0,0,0,0,0,0,90.744%
53,4,17.102%,82.898%,0,0,0,0,0,0,0,0,0,82.898%
54,4,9.221%,78.916%,11.669%,0.194%,0,0,0,0,0,0,0,90.779%
55,4,17.406%,82.594%,0,0,0,0,0,0,0,0,0,82.594%
56,4,9.334%,78.952%,11.531%,0.183%,0,0,0,0,0,0,0,90.666%
57,4,17.409%,82.591%,0,0,0,0,0,0,0,0,0,82.59100000000001%
58,4,9.271%,79.458%,11.098%,0.173%,0,0,0,0,0,0,0,90.729%
59,4,17.313%,82.687%,0,0,0,0,0,0,0,0,0,82.687%
60,4,9.495%,79.357%,10.979%,0.169%,0,0,0,0,0,0,0,90.505%
61,4,17.335%,82.665%,0,0,0,0,0,0,0,0,0,82.66499999999999%
62,4,9.766%,79.29%,10.79%,0.153%,0.001%,0,0,0,0,0,0,90.234%
63,4,17.369%,82.631%,0,0,0,0,0,0,0,0,0,82.631%
64,4,9.805%,79.458%,10.606%,0.131%,0,0,0,0,0,0,0,90.195%
65,4,17.301%,82.699%,0,0,0,0,0,0,0,0,0,82.699%
66,4,9.91%,79.554%,10.402%,0.134%,0,0,0,0,0,0,0,90.09%
67,4,17.536%,82.464%,0,0,0,0,0,0,0,0,0,82.464%
68,4,9.889%,79.905%,10.054%,0.152%,0,0,0,0,0,0,0,90.111%
69,4,17.519%,82.481%,0,0,0,0,0,0,0,0,0,82.481%
70,4,10.066%,79.859%,9.933%,0.142%,0,0,0,0,0,0,0,89.934%
71,4,17.233%,82.767%,0,0,0,0,0,0,0,0,0,82.767%
72,4,10.0%,79.943%,9.914%,0.142%,0.001%,0,0,0,0,0,0,90.0%
73,4,17.243%,82.757%,0,0,0,0,0,0,0,0,0,82.757%
74,4,10.103%,79.836%,9.935%,0.126%,0,0,0,0,0,0,0,89.897%
75,4,17.057%,82.943%,0,0,0,0,0,0,0,0,0,82.943%
76,4,10.268%,80.113%,9.518%,0.101%,0,0,0,0,0,0,0,89.732%
77,4,17.158%,82.842%,0,0,0,0,0,0,0,0,0,82.842%
78,4,10.436%,80.142%,9.315%,0.107%,0,0,0,0,0,0,0,89.564%
79,4,17.321%,82.679%,0,0,0,0,0,0,0,0,0,82.679%
80,4,10.641%,80.06%,9.188%,0.11%,0.001%,0,0,0,0,0,0,89.359%
81,4,17.378%,82.622%,0,0,0,0,0,0,0,0,0,82.622%
82,4,10.767%,79.904%,9.225%,0.104%,0,0,0,0,0,0,0,89.233%
83,4,17.317%,82.683%,0,0,0,0,0,0,0,0,0,82.68299999999999%
84,4,10.649%,80.18%,9.074%,0.097%,0,0,0,0,0,0,0,89.351%
85,4,17.258%,82.742%,0,0,0,0,0,0,0,0,0,82.742%
86,4,10.689%,80.224%,9.006%,0.081%,0,0,0,0,0,0,0,89.311%
87,4,17.348%,82.652%,0,0,0,0,0,0,0,0,0,82.652%
88,4,10.857%,80.202%,8.861%,0.08%,0,0,0,0,0,0,0,89.143%
89,4,17.521%,82.479%,0,0,0,0,0,0,0,0,0,82.479%
90,4,10.963%,80.318%,8.638%,0.081%,0,0,0,0,0,0,0,89.037%
91,4,17.27%,82.73%,0,0,0,0,0,0,0,0,0,82.73%
92,4,10.842%,80.497%,8.573%,0.088%,0,0,0,0,0,0,0,89.158%
93,4,17.438%,82.562%,0,0,0,0,0,0,0,0,0,82.562%
94,4,11.024%,80.29%,8.599%,0.087%,0,0,0,0,0,0,0,88.976%
95,4,17.299%,82.701%,0,0,0,0,0,0,0,0,0,82.701%
96,4,11.13%,80.506%,8.28%,0.084%,0,0,0,0,0,0,0,88.87%
97,4,17.522%,82.478%,0,0,0,0,0,0,0,0,0,82.47800000000001%
98,4,11.009%,80.413%,8.509%,0.069%,0,0,0,0,0,0,0,88.991%
99,4,17.399%,82.601%,0,0,0,0,0,0,0,0,0,82.601%
100,4,11.122%,80.595%,8.196%,0.087%,0,0,0,0,0,0,0,88.878%
2,5,0,19.869%,41.738%,29.36%,8.245%,0.788%,0,0,0,0,0,100%
3,5,16.116%,83.884%,0,0,0,0,0,0,0,0,0,83.884%
4,5,0.118%,40.198%,44.736%,13.529%,1.378%,0.041%,0,0,0,0,0,99.882%
5,5,19.996%,80.004%,0,0,0,0,0,0,0,0,0,80.004%
6,5,1.293%,51.635%,39.108%,7.501%,0.455%,0.008%,0,0,0,0,0,98.707%
7,5,21.519%,78.481%,0,0,0,0,0,0,0,0,0,78.481%
8,5,2.753%,58.075%,34.314%,4.682%,0.176%,0,0,0,0,0,0,97.247%
9,5,22.16%,77.84%,0,0,0,0,0,0,0,0,0,77.84%
10,5,4.01%,62.247%,30.507%,3.159%,0.076%,0.001%,0,0,0,0,0,95.99%
11,5,22.837%,77.163%,0,0,0,0,0,0,0,0,0,77.163%
12,5,5.094%,64.95%,27.582%,2.316%,0.058%,0,0,0,0,0,0,94.906%
13,5,23.054%,76.946%,0,0,0,0,0,0,0,0,0,76.946%
14,5,5.897%,67.185%,25.083%,1.803%,0.032%,0,0,0,0,0,0,94.103%
15,5,23.603%,76.397%,0,0,0,0,0,0,0,0,0,76.39699999999999%
16,5,7.016%,68.417%,23.059%,1.487%,0.021%,0,0,0,0,0,0,92.984%
17,5,23.564%,76.436%,0,0,0,0,0,0,0,0,0,76.436%
18,5,7.428%,69.82%,21.561%,1.173%,0.018%,0,0,0,0,0,0,92.572%
19,5,24.008%,75.992%,0,0,0,0,0,0,0,0,0,75.992%
20,5,8.329%,70.723%,19.936%,1.002%,0.01%,0,0,0,0,0,0,91.67099999999999%
21,5,24.048%,75.952%,0,0,0,0,0,0,0,0,0,75.952%
22,5,8.879%,71.353%,18.847%,0.913%,0.008%,0,0,0,0,0,0,91.121%
23,5,24.111%,75.889%,0,0,0,0,0,0,0,0,0,75.889%
24,5,9.233%,72.17%,17.871%,0.717%,0.009%,0,0,0,0,0,0,90.767%
25,5,24.208%,75.792%,0,0,0,0,0,0,0,0,0,75.792%
26,5,9.681%,72.653%,16.995%,0.666%,0.005%,0,0,0,0,0,0,90.319%
27,5,24.426%,75.574%,0,0,0,0,0,0,0,0,0,75.574%
28,5,10.119%,73.001%,16.292%,0.584%,0.004%,0,0,0,0,0,0,89.881%
29,5,24.22%,75.78%,0,0,0,0,0,0,0,0,0,75.78%
30,5,10.815%,73.236%,15.409%,0.537%,0.003%,0,0,0,0,0,0,89.185%
31,5,24.185%,75.815%,0,0,0,0,0,0,0,0,0,75.815%
32,5,11.155%,73.652%,14.732%,0.46%,0.001%,0,0,0,0,0,0,88.845%
33,5,24.617%,75.383%,0,0,0,0,0,0,0,0,0,75.383%
34,5,11.39%,73.791%,14.409%,0.41%,0,0,0,0,0,0,0,88.61%
35,5,24.398%,75.602%,0,0,0,0,0,0,0,0,0,75.602%
36,5,11.595%,74.267%,13.765%,0.369%,0.004%,0,0,0,0,0,0,88.405%
37,5,24.402%,75.598%,0,0,0,0,0,0,0,0,0,75.598%
38,5,12.123%,74.263%,13.234%,0.378%,0.002%,0,0,0,0,0,0,87.877%
39,5,24.558%,75.442%,0,0,0,0,0,0,0,0,0,75.44200000000001%
40,5,12.377%,74.4%,12.897%,0.324%,0.002%,0,0,0,0,0,0,87.623%
41,5,24.737%,75.263%,0,0,0,0,0,0,0,0,0,75.263%
42,5,12.572%,74.693%,12.443%,0.292%,0,0,0,0,0,0,0,87.428%
43,5,24.671%,75.329%,0,0,0,0,0,0,0,0,0,75.32900000000001%
44,5,12.721%,74.917%,12.103%,0.257%,0.002%,0,0,0,0,0,0,87.279%
45,5,24.473%,75.527%,0,0,0,0,0,0,0,0,0,75.527%
46,5,13.11%,74.939%,11.693%,0.256%,0.002%,0,0,0,0,0,0,86.89%
47,5,24.648%,75.352%,0,0,0,0,0,0,0,0,0,75.352%
48,5,13.179%,75.197%,11.391%,0.232%,0.001%,0,0,0,0,0,0,86.821%
49,5,24.291%,75.709%,0,0,0,0,0,0,0,0,0,75.709%
50,5,13.463%,75.178%,11.151%,0.207%,0.001%,0,0,0,0,0,0,86.537%
51,5,24.614%,75.386%,0,0,0,0,0,0,0,0,0,75.386%
52,5,13.567%,75.264%,10.957%,0.211%,0.001%,0,0,0,0,0,0,86.43299999999999%
53,5,24.796%,75.204%,0,0,0,0,0,0,0,0,0,75.20400000000001%
54,5,13.82%,75.159%,10.795%,0.224%,0.002%,0,0,0,0,0,0,86.18%
55,5,24.954%,75.046%,0,0,0,0,0,0,0,0,0,75.04599999999999%
56,5,13.908%,75.54%,10.329%,0.223%,0,0,0,0,0,0,0,86.092%
57,5,24.775%,75.225%,0,0,0,0,0,0,0,0,0,75.225%
58,5,14.155%,75.583%,10.117%,0.145%,0,0,0,0,0,0,0,85.845%
59,5,24.688%,75.312%,0,0,0,0,0,0,0,0,0,75.312%
60,5,14.488%,75.362%,9.992%,0.158%,0,0,0,0,0,0,0,85.512%
61,5,25.071%,74.929%,0,0,0,0,0,0,0,0,0,74.929%
62,5,14.302%,75.726%,9.804%,0.168%,0,0,0,0,0,0,0,85.69800000000001%
63,5,24.737%,75.263%,0,0,0,0,0,0,0,0,0,75.263%
64,5,14.664%,75.785%,9.405%,0.145%,0.001%,0,0,0,0,0,0,85.336%
65,5,24.679%,75.321%,0,0,0,0,0,0,0,0,0,75.321%
66,5,14.543%,75.929%,9.382%,0.146%,0,0,0,0,0,0,0,85.457%
67,5,24.777%,75.223%,0,0,0,0,0,0,0,0,0,75.223%
68,5,14.972%,75.682%,9.223%,0.123%,0,0,0,0,0,0,0,85.028%
69,5,24.74%,75.26%,0,0,0,0,0,0,0,0,0,75.26%
70,5,14.893%,75.794%,9.2%,0.113%,0,0,0,0,0,0,0,85.107%
71,5,24.826%,75.174%,0,0,0,0,0,0,0,0,0,75.174%
72,5,15.325%,75.67%,8.892%,0.113%,0,0,0,0,0,0,0,84.675%
73,5,24.856%,75.144%,0,0,0,0,0,0,0,0,0,75.144%
74,5,15.164%,75.922%,8.792%,0.122%,0,0,0,0,0,0,0,84.836%
75,5,24.483%,75.517%,0,0,0,0,0,0,0,0,0,75.517%
76,5,15.53%,75.767%,8.585%,0.118%,0,0,0,0,0,0,0,84.47%
77,5,24.82%,75.18%,0,0,0,0,0,0,0,0,0,75.18%
78,5,15.604%,75.812%,8.498%,0.086%,0,0,0,0,0,0,0,84.396%
79,5,24.77%,75.23%,0,0,0,0,0,0,0,0,0,75.23%
80,5,15.888%,75.659%,8.348%,0.105%,0,0,0,0,0,0,0,84.112%
81,5,24.779%,75.221%,0,0,0,0,0,0,0,0,0,75.221%
82,5,15.668%,75.952%,8.287%,0.093%,0,0,0,0,0,0,0,84.332%
83,5,24.855%,75.145%,0,0,0,0,0,0,0,0,0,75.145%
84,5,16.032%,75.873%,7.984%,0.111%,0,0,0,0,0,0,0,83.968%
85,5,24.996%,75.004%,0,0,0,0,0,0,0,0,0,75.004%
86,5,15.872%,76.037%,7.992%,0.099%,0,0,0,0,0,0,0,84.128%
87,5,24.838%,75.162%,0,0,0,0,0,0,0,0,0,75.162%
88,5,16.017%,75.928%,7.98%,0.075%,0,0,0,0,0,0,0,83.983%
89,5,24.741%,75.259%,0,0,0,0,0,0,0,0,0,75.259%
90,5,16.32%,75.894%,7.711%,0.075%,0,0,0,0,0,0,0,83.68%
91,5,24.733%,75.267%,0,0,0,0,0,0,0,0,0,75.267%
92,5,16.265%,76.015%,7.634%,0.086%,0,0,0,0,0,0,0,83.735%
93,5,24.691%,75.309%,0,0,0,0,0,0,0,0,0,75.309%
94,5,16.381%,76.022%,7.528%,0.069%,0,0,0,0,0,0,0,83.619%
95,5,24.968%,75.032%,0,0,0,0,0,0,0,0,0,75.032%
96,5,16.591%,75.734%,7.59%,0.085%,0,0,0,0,0,0,0,83.40899999999999%
97,5,24.968%,75.032%,0,0,0,0,0,0,0,0,0,75.032%
98,5,16.804%,75.671%,7.452%,0.073%,0,0,0,0,0,0,0,83.196%
99,5,24.704%,75.296%,0,0,0,0,0,0,0,0,0,75.29599999999999%
100,5,16.537%,76.123%,7.281%,0.059%,0,0,0,0,0,0,0,83.463%
2,6,0,16.788%,38.102%,31.23%,11.676%,2.07%,0.134%,0,0,0,0,100%
3,6,20.235%,79.765%,0,0,0,0,0,0,0,0,0,79.765%
4,6,0.185%,37.965%,44.557%,15.2%,1.983%,0.109%,0.001%,0,0,0,0,99.815%
5,6,25.362%,74.638%,0,0,0,0,0,0,0,0,0,74.638%
6,6,1.848%,50.524%,38.958%,8.081%,0.577%,0.012%,0,0,0,0,0,98.152%
7,6,27.188%,72.812%,0,0,0,0,0,0,0,0,0,72.812%
8,6,3.652%,57.184%,33.978%,4.955%,0.224%,0.007%,0,0,0,0,0,96.348%
9,6,28.175%,71.825%,0,0,0,0,0,0,0,0,0,71.825%
10,6,5.244%,61.511%,29.861%,3.276%,0.108%,0,0,0,0,0,0,94.756%
11,6,28.706%,71.294%,0,0,0,0,0,0,0,0,0,71.294%
12,6,6.693%,64.135%,26.746%,2.375%,0.051%,0,0,0,0,0,0,93.307%
13,6,29.233%,70.767%,0,0,0,0,0,0,0,0,0,70.767%
14,6,8.101%,66.129%,23.907%,1.833%,0.029%,0.001%,0,0,0,0,0,91.899%
15,6,29.476%,70.524%,0,0,0,0,0,0,0,0,0,70.524%
16,6,9.045%,67.596%,21.846%,1.485%,0.028%,0,0,0,0,0,0,90.955%
17,6,29.652%,70.348%,0,0,0,0,0,0,0,0,0,70.348%
18,6,10.122%,68.278%,20.41%,1.181%,0.009%,0,0,0,0,0,0,89.878%
19,6,29.929%,70.071%,0,0,0,0,0,0,0,0,0,70.071%
20,6,10.926%,69.174%,18.904%,0.983%,0.013%,0,0,0,0,0,0,89.074%
21,6,29.741%,70.259%,0,0,0,0,0,0,0,0,0,70.259%
22,6,11.687%,69.839%,17.645%,0.816%,0.013%,0,0,0,0,0,0,88.313%
23,6,30.163%,69.837%,0,0,0,0,0,0,0,0,0,69.837%
24,6,12.504%,70.041%,16.737%,0.709%,0.009%,0,0,0,0,0,0,87.496%
25,6,30.403%,69.597%,0,0,0,0,0,0,0,0,0,69.59700000000001%
26,6,12.871%,70.769%,15.746%,0.609%,0.005%,0,0,0,0,0,0,87.129%
27,6,30.463%,69.537%,0,0,0,0,0,0,0,0,0,69.537%
28,6,13.752%,70.708%,14.987%,0.551%,0.002%,0,0,0,0,0,0,86.248%
29,6,30.489%,69.511%,0,0,0,0,0,0,0,0,0,69.511%
30,6,14.21%,71.043%,14.293%,0.452%,0.002%,0,0,0,0,0,0,85.78999999999999%
31,6,30.633%,69.367%,0,0,0,0,0,0,0,0,0,69.367%
32,6,14.453%,71.349%,13.792%,0.405%,0.001%,0,0,0,0,0,0,85.547%
33,6,30.483%,69.517%,0,0,0,0,0,0,0,0,0,69.517%
34,6,15.066%,71.546%,13.022%,0.366%,0,0,0,0,0,0,0,84.934%
35,6,30.614%,69.386%,0,0,0,0,0,0,0,0,0,69.386%
36,6,15.552%,71.626%,12.479%,0.339%,0.004%,0,0,0,0,0,0,84.44800000000001%
37,6,30.519%,69.481%,0,0,0,0,0,0,0,0,0,69.481%
38,6,15.822%,71.686%,12.157%,0.333%,0.002%,0,0,0,0,0,0,84.178%
39,6,30.545%,69.455%,0,0,0,0,0,0,0,0,0,69.455%
40,6,16.119%,71.9%,11.687%,0.294%,0,0,0,0,0,0,0,83.881%
41,6,30.854%,69.146%,0,0,0,0,0,0,0,0,0,69.146%
42,6,16.591%,71.719%,11.396%,0.291%,0.003%,0,0,0,0,0,0,83.40899999999999%
43,6,30.811%,69.189%,0,0,0,0,0,0,0,0,0,69.189%
44,6,16.93%,71.718%,11.11%,0.241%,0.001%,0,0,0,0,0,0,83.07%
45,6,30.637%,69.363%,0,0,0,0,0,0,0,0,0,69.363%
46,6,17.179%,71.923%,10.699%,0.198%,0.001%,0,0,0,0,0,0,82.821%
47,6,30.881%,69.119%,0,0,0,0,0,0,0,0,0,69.119%
48,6,17.514%,71.923%,10.322%,0.239%,0.002%,0,0,0,0,0,0,82.486%
49,6,31.05%,68.95%,0,0,0,0,0,0,0,0,0,68.95%
50,6,17.881%,71.664%,10.248%,0.205%,0.001%,0.001%,0,0,0,0,0,82.119%
51,6,30.886%,69.114%,0,0,0,0,0,0,0,0,0,69.114%
52,6,17.835%,72.001%,9.99%,0.174%,0,0,0,0,0,0,0,82.16499999999999%
53,6,31.069%,68.931%,0,0,0,0,0,0,0,0,0,68.931%
54,6,18.087%,72.271%,9.483%,0.159%,0,0,0,0,0,0,0,81.913%
55,6,30.974%,69.026%,0,0,0,0,0,0,0,0,0,69.026%
56,6,18.109%,72.161%,9.533%,0.196%,0.001%,0,0,0,0,0,0,81.89099999999999%
57,6,30.898%,69.102%,0,0,0,0,0,0,0,0,0,69.102%
58,6,18.363%,72.139%,9.373%,0.125%,0,0,0,0,0,0,0,81.637%
59,6,31.064%,68.936%,0,0,0,0,0,0,0,0,0,68.936%
60,6,18.814%,72.142%,8.915%,0.129%,0,0,0,0,0,0,0,81.186%
61,6,31.097%,68.903%,0,0,0,0,0,0,0,0,0,68.90299999999999%
62,6,18.92%,72.015%,8.942%,0.123%,0,0,0,0,0,0,0,81.08%
63,6,30.945%,69.055%,0,0,0,0,0,0,0,0,0,69.055%
64,6,19.015%,72.225%,8.623%,0.136%,0.001%,0,0,0,0,0,0,80.985%
65,6,31.116%,68.884%,0,0,0,0,0,0,0,0,0,68.884%
66,6,19.333%,72.044%,8.497%,0.125%,0.001%,0,0,0,0,0,0,80.667%
67,6,31.395%,68.605%,0,0,0,0,0,0,0,0,0,68.605%
68,6,19.408%,72.228%,8.255%,0.109%,0,0,0,0,0,0,0,80.592%
69,6,31.17%,68.83%,0,0,0,0,0,0,0,0,0,68.83%
70,6,19.781%,72.062%,8.039%,0.118%,0,0,0,0,0,0,0,80.219%
71,6,31.079%,68.921%,0,0,0,0,0,0,0,0,0,68.92099999999999%
72,6,19.802%,72.179%,7.908%,0.111%,0,0,0,0,0,0,0,80.19800000000001%
73,6,31.1%,68.9%,0,0,0,0,0,0,0,0,0,68.9%
74,6,19.919%,72.256%,7.706%,0.119%,0,0,0,0,0,0,0,80.081%
75,6,31.003%,68.997%,0,0,0,0,0,0,0,0,0,68.997%
76,6,20.303%,71.964%,7.643%,0.09%,0,0,0,0,0,0,0,79.697%
77,6,31.159%,68.841%,0,0,0,0,0,0,0,0,0,68.84100000000001%
78,6,20.038%,72.102%,7.756%,0.103%,0.001%,0,0,0,0,0,0,79.962%
79,6,31.248%,68.752%,0,0,0,0,0,0,0,0,0,68.752%
80,6,20.434%,72.01%,7.478%,0.078%,0,0,0,0,0,0,0,79.566%
81,6,31.236%,68.764%,0,0,0,0,0,0,0,0,0,68.764%
82,6,20.369%,72.301%,7.253%,0.077%,0,0,0,0,0,0,0,79.631%
83,6,31.242%,68.758%,0,0,0,0,0,0,0,0,0,68.758%
84,6,20.607%,72.136%,7.177%,0.08%,0,0,0,0,0,0,0,79.393%
85,6,31.244%,68.756%,0,0,0,0,0,0,0,0,0,68.756%
86,6,20.681%,72.29%,6.951%,0.078%,0,0,0,0,0,0,0,79.319%
87,6,31.197%,68.803%,0,0,0,0,0,0,0,0,0,68.803%
88,6,20.863%,72.028%,7.026%,0.083%,0,0,0,0,0,0,0,79.137%
89,6,31.189%,68.811%,0,0,0,0,0,0,0,0,0,68.811%
90,6,21.145%,71.828%,6.959%,0.068%,0,0,0,0,0,0,0,78.855%
91,6,31.065%,68.935%,0,0,0,0,0,0,0,0,0,68.935%
92,6,20.909%,72.229%,6.804%,0.058%,0,0,0,0,0,0,0,79.09100000000001%
93,6,31.111%,68.889%,0,0,0,0,0,0,0,0,0,68.889%
94,6,21.315%,71.959%,6.666%,0.06%,0,0,0,0,0,0,0,78.685%
95,6,31.095%,68.905%,0,0,0,0,0,0,0,0,0,68.905%
96,6,21.12%,72.163%,6.646%,0.071%,0,0,0,0,0,0,0,78.88%
97,6,31.308%,68.692%,0,0,0,0,0,0,0,0,0,68.69200000000001%
98,6,21.38%,72.077%,6.488%,0.055%,0,0,0,0,0,0,0,78.62%
99,6,31.301%,68.699%,0,0,0,0,0,0,0,0,0,68.699%
100,6,21.702%,71.628%,6.616%,0.054%,0,0,0,0,0,0,0,78.298%
2,7,0,14.205%,35.034%,32.142%,14.676%,3.476%,0.448%,0.019%,0,0,0,100%
3,7,23.711%,76.289%,0,0,0,0,0,0,0,0,0,76.289%
4,7,0.252%,36.335%,44.453%,16.365%,2.429%,0.158%,0.008%,0,0,0,0,99.748%
5,7,29.513%,70.487%,0,0,0,0,0,0,0,0,0,70.487%
6,7,2.337%,49.379%,39.176%,8.459%,0.634%,0.015%,0,0,0,0,0,97.663%
7,7,31.953%,68.047%,0,0,0,0,0,0,0,0,0,68.047%
8,7,4.699%,56.618%,33.428%,5.029%,0.224%,0.002%,0,0,0,0,0,95.301%
9,7,33.157%,66.843%,0,0,0,0,0,0,0,0,0,66.843%
10,7,6.719%,60.77%,29.089%,3.294%,0.124%,0.004%,0,0,0,0,0,93.281%
11,7,33.797%,66.203%,0,0,0,0,0,0,0,0,0,66.203%
12,7,8.388%,63.517%,25.732%,2.307%,0.054%,0.002%,0,0,0,0,0,91.612%
13,7,34.41%,65.59%,0,0,0,0,0,0,0,0,0,65.59%
14,7,10.14%,64.955%,23.089%,1.782%,0.034%,0,0,0,0,0,0,89.86%
15,7,34.719%,65.281%,0,0,0,0,0,0,0,0,0,65.281%
16,7,11.269%,66.672%,20.624%,1.409%,0.026%,0,0,0,0,0,0,88.731%
17,7,35.096%,64.904%,0,0,0,0,0,0,0,0,0,64.904%
18,7,12.304%,67.428%,19.139%,1.109%,0.02%,0,0,0,0,0,0,87.696%
19,7,35.372%,64.628%,0,0,0,0,0,0,0,0,0,64.628%
20,7,13.489%,68.065%,17.603%,0.826%,0.017%,0,0,0,0,0,0,86.511%
21,7,35.183%,64.817%,0,0,0,0,0,0,0,0,0,64.81700000000001%
22,7,14.599%,68.075%,16.584%,0.73%,0.012%,0,0,0,0,0,0,85.401%
23,7,35.436%,64.564%,0,0,0,0,0,0,0,0,0,64.564%
24,7,15.26%,68.634%,15.5%,0.601%,0.005%,0,0,0,0,0,0,84.74%
25,7,35.654%,64.346%,0,0,0,0,0,0,0,0,0,64.346%
26,7,15.953%,68.702%,14.8%,0.54%,0.005%,0,0,0,0,0,0,84.047%
27,7,35.752%,64.248%,0,0,0,0,0,0,0,0,0,64.24799999999999%
28,7,16.649%,68.904%,13.989%,0.456%,0.002%,0,0,0,0,0,0,83.351%
29,7,35.852%,64.148%,0,0,0,0,0,0,0,0,0,64.148%
30,7,17.349%,69.131%,13.086%,0.431%,0.003%,0,0,0,0,0,0,82.651%
31,7,35.482%,64.518%,0,0,0,0,0,0,0,0,0,64.518%
32,7,17.978%,69.122%,12.523%,0.374%,0.003%,0,0,0,0,0,0,82.02199999999999%
33,7,35.878%,64.122%,0,0,0,0,0,0,0,0,0,64.122%
34,7,18.339%,69.481%,11.866%,0.311%,0.003%,0,0,0,0,0,0,81.661%
35,7,35.813%,64.187%,0,0,0,0,0,0,0,0,0,64.187%
36,7,18.802%,69.456%,11.453%,0.288%,0.001%,0,0,0,0,0,0,81.19800000000001%
37,7,36.021%,63.979%,0,0,0,0,0,0,0,0,0,63.979%
38,7,19.544%,69.012%,11.171%,0.272%,0.001%,0,0,0,0,0,0,80.456%
39,7,35.851%,64.149%,0,0,0,0,0,0,0,0,0,64.149%
40,7,19.635%,69.293%,10.833%,0.237%,0.002%,0,0,0,0,0,0,80.365%
41,7,36.246%,63.754%,0,0,0,0,0,0,0,0,0,63.754%
42,7,20.158%,69.463%,10.159%,0.22%,0,0,0,0,0,0,0,79.842%
43,7,36.081%,63.919%,0,0,0,0,0,0,0,0,0,63.919%
44,7,20.479%,69.299%,10.016%,0.203%,0.003%,0,0,0,0,0,0,79.521%
45,7,36.06%,63.94%,0,0,0,0,0,0,0,0,0,63.94%
46,7,20.673%,69.404%,9.719%,0.199%,0.005%,0,0,0,0,0,0,79.327%
47,7,36.281%,63.719%,0,0,0,0,0,0,0,0,0,63.719%
48,7,20.896%,69.541%,9.387%,0.176%,0,0,0,0,0,0,0,79.104%
49,7,36.003%,63.997%,0,0,0,0,0,0,0,0,0,63.997%
50,7,21.379%,69.354%,9.116%,0.15%,0.001%,0,0,0,0,0,0,78.621%
51,7,36.252%,63.748%,0,0,0,0,0,0,0,0,0,63.748%
52,7,21.746%,69.337%,8.748%,0.167%,0.002%,0,0,0,0,0,0,78.254%
53,7,36.402%,63.598%,0,0,0,0,0,0,0,0,0,63.598%
54,7,21.956%,69.322%,8.572%,0.149%,0.001%,0,0,0,0,0,0,78.044%
55,7,36.25%,63.75%,0,0,0,0,0,0,0,0,0,63.75%
56,7,21.999%,69.273%,8.584%,0.144%,0,0,0,0,0,0,0,78.001%
57,7,36.378%,63.622%,0,0,0,0,0,0,0,0,0,63.622%
58,7,22.339%,69.273%,8.26%,0.127%,0.001%,0,0,0,0,0,0,77.661%
59,7,36.398%,63.602%,0,0,0,0,0,0,0,0,0,63.602%
60,7,22.623%,68.997%,8.251%,0.129%,0,0,0,0,0,0,0,77.377%
61,7,36.131%,63.869%,0,0,0,0,0,0,0,0,0,63.869%
62,7,22.96%,69.091%,7.825%,0.124%,0,0,0,0,0,0,0,77.03999999999999%
63,7,36.536%,63.464%,0,0,0,0,0,0,0,0,0,63.464%
64,7,23.047%,69.11%,7.732%,0.11%,0.001%,0,0,0,0,0,0,76.953%
65,7,36.41%,63.59%,0,0,0,0,0,0,0,0,0,63.59%
66,7,23.432%,68.975%,7.481%,0.111%,0.001%,0,0,0,0,0,0,76.568%
67,7,36.127%,63.873%,0,0,0,0,0,0,0,0,0,63.873%
68,7,23.658%,68.858%,7.388%,0.096%,0,0,0,0,0,0,0,76.342%
69,7,36.453%,63.547%,0,0,0,0,0,0,0,0,0,63.547%
70,7,23.702%,68.946%,7.259%,0.093%,0,0,0,0,0,0,0,76.298%
71,7,36.51%,63.49%,0,0,0,0,0,0,0,0,0,63.49%
72,7,23.764%,69.064%,7.083%,0.089%,0,0,0,0,0,0,0,76.236%
73,7,36.616%,63.384%,0,0,0,0,0,0,0,0,0,63.384%
74,7,24.08%,68.981%,6.857%,0.082%,0,0,0,0,0,0,0,75.92%
75,7,36.332%,63.668%,0,0,0,0,0,0,0,0,0,63.668%
76,7,24.144%,69.068%,6.705%,0.083%,0,0,0,0,0,0,0,75.856%
77,7,36.507%,63.493%,0,0,0,0,0,0,0,0,0,63.493%
78,7,24.295%,68.815%,6.821%,0.069%,0,0,0,0,0,0,0,75.705%
79,7,36.422%,63.578%,0,0,0,0,0,0,0,0,0,63.578%
80,7,24.582%,68.85%,6.503%,0.065%,0,0,0,0,0,0,0,75.418%
81,7,36.358%,63.642%,0,0,0,0,0,0,0,0,0,63.642%
82,7,24.847%,68.409%,6.667%,0.077%,0,0,0,0,0,0,0,75.15299999999999%
83,7,36.304%,63.696%,0,0,0,0,0,0,0,0,0,63.696%
84,7,24.706%,68.761%,6.48%,0.053%,0,0,0,0,0,0,0,75.294%
85,7,36.461%,63.539%,0,0,0,0,0,0,0,0,0,63.539%
86,7,25.025%,68.664%,6.249%,0.062%,0,0,0,0,0,0,0,74.975%
87,7,36.388%,63.612%,0,0,0,0,0,0,0,0,0,63.612%
88,7,24.798%,69.02%,6.123%,0.059%,0,0,0,0,0,0,0,75.202%
89,7,36.531%,63.469%,0,0,0,0,0,0,0,0,0,63.469%
90,7,25.05%,68.847%,6.047%,0.056%,0,0,0,0,0,0,0,74.95%
91,7,36.498%,63.502%,0,0,0,0,0,0,0,0,0,63.502%
92,7,25.382%,68.482%,6.083%,0.053%,0,0,0,0,0,0,0,74.618%
93,7,36.392%,63.608%,0,0,0,0,0,0,0,0,0,63.608%
94,7,25.33%,68.656%,5.948%,0.066%,0,0,0,0,0,0,0,74.67%
95,7,36.537%,63.463%,0,0,0,0,0,0,0,0,0,63.463%
96,7,25.535%,68.455%,5.954%,0.056%,0,0,0,0,0,0,0,74.465%
97,7,36.449%,63.551%,0,0,0,0,0,0,0,0,0,63.551%
98,7,25.905%,68.127%,5.916%,0.052%,0,0,0,0,0,0,0,74.095%
99,7,36.528%,63.472%,0,0,0,0,0,0,0,0,0,63.472%
100,7,25.883%,68.36%,5.699%,0.058%,0,0,0,0,0,0,0,74.117%
2,8,0,12.353%,32.717%,32.574%,16.709%,4.828%,0.75%,0.067%,0.002%,0,0,100%
3,8,27.045%,72.955%,0,0,0,0,0,0,0,0,0,72.955%
4,8,0.355%,35.355%,44.066%,17.211%,2.806%,0.201%,0.006%,0,0,0,0,99.645%
5,8,33.696%,66.304%,0,0,0,0,0,0,0,0,0,66.304%
6,8,2.822%,49.307%,38.636%,8.545%,0.67%,0.02%,0,0,0,0,0,97.178%
7,8,35.88%,64.12%,0,0,0,0,0,0,0,0,0,64.12%
8,8,5.423%,56.523%,32.794%,4.962%,0.294%,0.004%,0,0,0,0,0,94.577%
9,8,37.175%,62.825%,0,0,0,0,0,0,0,0,0,62.825%
10,8,8.075%,60.588%,28.085%,3.143%,0.108%,0.001%,0,0,0,0,0,91.925%
11,8,38.025%,61.975%,0,0,0,0,0,0,0,0,0,61.975%
12,8,10.052%,63.045%,24.583%,2.246%,0.074%,0,0,0,0,0,0,89.94800000000001%
13,8,38.651%,61.349%,0,0,0,0,0,0,0,0,0,61.349%
14,8,12.003%,64.382%,21.924%,1.657%,0.034%,0,0,0,0,0,0,87.997%
15,8,39.074%,60.926%,0,0,0,0,0,0,0,0,0,60.926%
16,8,13.313%,65.596%,19.788%,1.282%,0.021%,0,0,0,0,0,0,86.687%
17,8,39.395%,60.605%,0,0,0,0,0,0,0,0,0,60.605%
18,8,14.767%,65.914%,18.287%,1.019%,0.013%,0,0,0,0,0,0,85.233%
19,8,39.537%,60.463%,0,0,0,0,0,0,0,0,0,60.463%
20,8,16.087%,66.806%,16.339%,0.758%,0.01%,0,0,0,0,0,0,83.913%
21,8,39.685%,60.315%,0,0,0,0,0,0,0,0,0,60.315%
22,8,17.031%,66.711%,15.593%,0.658%,0.007%,0,0,0,0,0,0,82.969%
23,8,39.744%,60.256%,0,0,0,0,0,0,0,0,0,60.256%
24,8,18.262%,66.684%,14.45%,0.599%,0.005%,0,0,0,0,0,0,81.738%
25,8,40.094%,59.906%,0,0,0,0,0,0,0,0,0,59.906%
26,8,18.941%,66.933%,13.635%,0.49%,0.001%,0,0,0,0,0,0,81.059%
27,8,39.922%,60.078%,0,0,0,0,0,0,0,0,0,60.078%
28,8,19.52%,67.25%,12.787%,0.441%,0.002%,0,0,0,0,0,0,80.48%
29,8,40.271%,59.729%,0,0,0,0,0,0,0,0,0,59.729%
30,8,20.405%,67.051%,12.16%,0.382%,0.002%,0,0,0,0,0,0,79.595%
31,8,40.155%,59.845%,0,0,0,0,0,0,0,0,0,59.845%
32,8,20.88%,67.351%,11.437%,0.331%,0.001%,0,0,0,0,0,0,79.12%
33,8,40.791%,59.209%,0,0,0,0,0,0,0,0,0,59.209%
34,8,21.172%,67.392%,11.127%,0.307%,0.002%,0,0,0,0,0,0,78.828%
35,8,40.415%,59.585%,0,0,0,0,0,0,0,0,0,59.585%
36,8,22.197%,66.933%,10.574%,0.294%,0.002%,0,0,0,0,0,0,77.803%
37,8,40.366%,59.634%,0,0,0,0,0,0,0,0,0,59.634%
38,8,22.313%,67.233%,10.21%,0.242%,0.002%,0,0,0,0,0,0,77.687%
39,8,40.81%,59.19%,0,0,0,0,0,0,0,0,0,59.19%
40,8,22.987%,67.065%,9.721%,0.223%,0.004%,0,0,0,0,0,0,77.013%
41,8,40.363%,59.637%,0,0,0,0,0,0,0,0,0,59.637%
42,8,23.189%,67.219%,9.404%,0.188%,0,0,0,0,0,0,0,76.811%
43,8,40.548%,59.452%,0,0,0,0,0,0,0,0,0,59.452%
44,8,23.876%,66.756%,9.213%,0.153%,0.002%,0,0,0,0,0,0,76.124%
45,8,40.853%,59.147%,0,0,0,0,0,0,0,0,0,59.147%
46,8,24.123%,67.007%,8.71%,0.16%,0,0,0,0,0,0,0,75.877%
47,8,40.664%,59.336%,0,0,0,0,0,0,0,0,0,59.336%
48,8,24.709%,66.598%,8.553%,0.14%,0,0,0,0,0,0,0,75.291%
49,8,40.854%,59.146%,0,0,0,0,0,0,0,0,0,59.146%
50,8,25.084%,66.661%,8.117%,0.137%,0.001%,0,0,0,0,0,0,74.916%
51,8,40.742%,59.258%,0,0,0,0,0,0,0,0,0,59.258%
52,8,25.112%,66.658%,8.093%,0.137%,0,0,0,0,0,0,0,74.888%
53,8,40.737%,59.263%,0,0,0,0,0,0,0,0,0,59.263%
54,8,25.555%,66.481%,7.852%,0.112%,0,0,0,0,0,0,0,74.445%
55,8,41.08%,58.92%,0,0,0,0,0,0,0,0,0,58.92%
56,8,25.876%,66.448%,7.559%,0.117%,0,0,0,0,0,0,0,74.124%
57,8,40.872%,59.128%,0,0,0,0,0,0,0,0,0,59.128%
58,8,26.054%,66.507%,7.326%,0.113%,0,0,0,0,0,0,0,73.946%
59,8,40.851%,59.149%,0,0,0,0,0,0,0,0,0,59.149%
60,8,26.145%,66.462%,7.263%,0.13%,0,0,0,0,0,0,0,73.855%
61,8,41.164%,58.836%,0,0,0,0,0,0,0,0,0,58.836%
62,8,26.592%,66.261%,7.06%,0.087%,0,0,0,0,0,0,0,73.408%
63,8,40.718%,59.282%,0,0,0,0,0,0,0,0,0,59.282%
64,8,26.931%,66.124%,6.85%,0.094%,0.001%,0,0,0,0,0,0,73.069%
65,8,41.179%,58.821%,0,0,0,0,0,0,0,0,0,58.821%
66,8,26.981%,65.966%,6.957%,0.096%,0,0,0,0,0,0,0,73.019%
67,8,41.116%,58.884%,0,0,0,0,0,0,0,0,0,58.884%
68,8,26.678%,66.547%,6.691%,0.084%,0,0,0,0,0,0,0,73.322%
69,8,41.12%,58.88%,0,0,0,0,0,0,0,0,0,58.88%
70,8,27.327%,66.085%,6.529%,0.058%,0.001%,0,0,0,0,0,0,72.673%
71,8,40.924%,59.076%,0,0,0,0,0,0,0,0,0,59.076%
72,8,27.625%,66.022%,6.289%,0.064%,0,0,0,0,0,0,0,72.375%
73,8,40.716%,59.284%,0,0,0,0,0,0,0,0,0,59.284%
74,8,27.655%,65.959%,6.319%,0.067%,0,0,0,0,0,0,0,72.345%
75,8,40.926%,59.074%,0,0,0,0,0,0,0,0,0,59.074%
76,8,28.157%,65.561%,6.22%,0.062%,0,0,0,0,0,0,0,71.843%
77,8,41.142%,58.858%,0,0,0,0,0,0,0,0,0,58.858%
78,8,28.193%,65.841%,5.903%,0.063%,0,0,0,0,0,0,0,71.807%
79,8,41.177%,58.823%,0,0,0,0,0,0,0,0,0,58.823%
80,8,28.368%,65.577%,5.993%,0.062%,0,0,0,0,0,0,0,71.632%
81,8,40.925%,59.075%,0,0,0,0,0,0,0,0,0,59.075%
82,8,28.506%,65.68%,5.759%,0.054%,0.001%,0,0,0,0,0,0,71.494%
83,8,41.043%,58.957%,0,0,0,0,0,0,0,0,0,58.957%
84,8,28.57%,65.594%,5.785%,0.051%,0,0,0,0,0,0,0,71.43%
85,8,41.42%,58.58%,0,0,0,0,0,0,0,0,0,58.58%
86,8,28.673%,65.636%,5.648%,0.043%,0,0,0,0,0,0,0,71.327%
87,8,40.948%,59.052%,0,0,0,0,0,0,0,0,0,59.052%
88,8,28.992%,65.377%,5.585%,0.046%,0,0,0,0,0,0,0,71.008%
89,8,40.866%,59.134%,0,0,0,0,0,0,0,0,0,59.134%
90,8,29.128%,65.407%,5.41%,0.055%,0,0,0,0,0,0,0,70.872%
91,8,41.06%,58.94%,0,0,0,0,0,0,0,0,0,58.94%
92,8,28.864%,65.763%,5.324%,0.049%,0,0,0,0,0,0,0,71.136%
93,8,41.291%,58.709%,0,0,0,0,0,0,0,0,0,58.709%
94,8,29.241%,65.513%,5.21%,0.036%,0,0,0,0,0,0,0,70.759%
95,8,41.318%,58.682%,0,0,0,0,0,0,0,0,0,58.682%
96,8,29.35%,65.38%,5.225%,0.045%,0,0,0,0,0,0,0,70.65%
97,8,40.97%,59.03%,0,0,0,0,0,0,0,0,0,59.03%
98,8,29.774%,65.256%,4.926%,0.044%,0,0,0,0,0,0,0,70.226%
99,8,41.043%,58.957%,0,0,0,0,0,0,0,0,0,58.957%
100,8,29.495%,65.263%,5.183%,0.059%,0,0,0,0,0,0,0,70.505%
2,9,0,10.962%,30.415%,32.622%,18.519%,6.125%,1.214%,0.136%,0.007%,0,0,100%
3,9,29.854%,70.146%,0,0,0,0,0,0,0,0,0,70.146%
4,9,0.43%,34.785%,43.728%,17.694%,3.079%,0.274%,0.009%,0.001%,0,0,0,99.57%
5,9,36.748%,63.252%,0,0,0,0,0,0,0,0,0,63.252%
6,9,3.291%,49.272%,38.247%,8.487%,0.677%,0.026%,0,0,0,0,0,96.709%
7,9,39.499%,60.501%,0,0,0,0,0,0,0,0,0,60.501%
8,9,6.503%,56.544%,31.882%,4.813%,0.253%,0.005%,0,0,0,0,0,93.497%
9,9,40.893%,59.107%,0,0,0,0,0,0,0,0,0,59.107%
10,9,9.215%,60.316%,27.259%,3.097%,0.111%,0.002%,0,0,0,0,0,90.785%
11,9,41.562%,58.438%,0,0,0,0,0,0,0,0,0,58.438%
12,9,11.652%,62.52%,23.63%,2.151%,0.044%,0.003%,0,0,0,0,0,88.348%
13,9,42.162%,57.838%,0,0,0,0,0,0,0,0,0,57.838%
14,9,13.67%,63.942%,20.889%,1.462%,0.037%,0,0,0,0,0,0,86.33%
15,9,42.889%,57.111%,0,0,0,0,0,0,0,0,0,57.111%
16,9,15.475%,64.719%,18.626%,1.161%,0.019%,0,0,0,0,0,0,84.525%
17,9,43.069%,56.931%,0,0,0,0,0,0,0,0,0,56.931%
18,9,17.031%,64.932%,17.132%,0.894%,0.011%,0,0,0,0,0,0,82.969%
19,9,43.233%,56.767%,0,0,0,0,0,0,0,0,0,56.767%
20,9,18.268%,65.4%,15.598%,0.723%,0.011%,0,0,0,0,0,0,81.732%
21,9,43.348%,56.652%,0,0,0,0,0,0,0,0,0,56.652%
22,9,19.53%,65.332%,14.545%,0.587%,0.006%,0,0,0,0,0,0,80.47%
23,9,43.556%,56.444%,0,0,0,0,0,0,0,0,0,56.444%
24,9,20.607%,65.513%,13.304%,0.572%,0.004%,0,0,0,0,0,0,79.393%
25,9,43.662%,56.338%,0,0,0,0,0,0,0,0,0,56.338%
26,9,21.477%,65.5%,12.553%,0.469%,0.001%,0,0,0,0,0,0,78.523%
27,9,43.835%,56.165%,0,0,0,0,0,0,0,0,0,56.165%
28,9,22.161%,65.708%,11.772%,0.355%,0.004%,0,0,0,0,0,0,77.839%
29,9,44.195%,55.805%,0,0,0,0,0,0,0,0,0,55.805%
30,9,22.917%,65.599%,11.133%,0.35%,0.001%,0,0,0,0,0,0,77.083%
31,9,44.437%,55.563%,0,0,0,0,0,0,0,0,0,55.563%
32,9,23.323%,65.728%,10.654%,0.293%,0.002%,0,0,0,0,0,0,76.67699999999999%
33,9,44.486%,55.514%,0,0,0,0,0,0,0,0,0,55.514%
34,9,24.697%,65.025%,10.021%,0.256%,0.001%,0,0,0,0,0,0,75.303%
35,9,44.45%,55.55%,0,0,0,0,0,0,0,0,0,55.55%
36,9,24.774%,65.362%,9.619%,0.244%,0.001%,0,0,0,0,0,0,75.226%
37,9,44.351%,55.649%,0,0,0,0,0,0,0,0,0,55.649%
38,9,25.671%,64.988%,9.139%,0.202%,0,0,0,0,0,0,0,74.32900000000001%
39,9,44.535%,55.465%,0,0,0,0,0,0,0,0,0,55.465%
40,9,25.86%,65.0%,8.973%,0.166%,0.001%,0,0,0,0,0,0,74.14%
41,9,44.397%,55.603%,0,0,0,0,0,0,0,0,0,55.603%
42,9,26.67%,64.489%,8.645%,0.196%,0,0,0,0,0,0,0,73.33%
43,9,44.427%,55.573%,0,0,0,0,0,0,0,0,0,55.573%
44,9,26.899%,64.533%,8.41%,0.158%,0,0,0,0,0,0,0,73.101%
45,9,44.528%,55.472%,0,0,0,0,0,0,0,0,0,55.472%
46,9,27.196%,64.746%,7.893%,0.165%,0,0,0,0,0,0,0,72.804%
47,9,44.586%,55.414%,0,0,0,0,0,0,0,0,0,55.414%
48,9,27.57%,64.523%,7.754%,0.152%,0.001%,0,0,0,0,0,0,72.43%
49,9,44.808%,55.192%,0,0,0,0,0,0,0,0,0,55.192%
50,9,27.68%,64.676%,7.513%,0.131%,0,0,0,0,0,0,0,72.32%
51,9,44.613%,55.387%,0,0,0,0,0,0,0,0,0,55.387%
52,9,28.414%,64.286%,7.181%,0.119%,0,0,0,0,0,0,0,71.586%
53,9,44.81%,55.19%,0,0,0,0,0,0,0,0,0,55.19%
54,9,28.526%,64.366%,7.018%,0.089%,0.001%,0,0,0,0,0,0,71.474%
55,9,44.794%,55.206%,0,0,0,0,0,0,0,0,0,55.206%
56,9,29.11%,64.04%,6.751%,0.099%,0,0,0,0,0,0,0,70.89%
57,9,44.506%,55.494%,0,0,0,0,0,0,0,0,0,55.494%
58,9,29.351%,63.911%,6.647%,0.091%,0,0,0,0,0,0,0,70.649%
59,9,44.78%,55.22%,0,0,0,0,0,0,0,0,0,55.22%
60,9,29.195%,64.171%,6.553%,0.081%,0,0,0,0,0,0,0,70.805%
61,9,44.764%,55.236%,0,0,0,0,0,0,0,0,0,55.236%
62,9,30.171%,63.357%,6.377%,0.095%,0,0,0,0,0,0,0,69.82900000000001%
63,9,44.804%,55.196%,0,0,0,0,0,0,0,0,0,55.196%
64,9,29.838%,63.758%,6.324%,0.08%,0,0,0,0,0,0,0,70.162%
65,9,45.107%,54.893%,0,0,0,0,0,0,0,0,0,54.893%
66,9,30.196%,63.655%,6.078%,0.071%,0,0,0,0,0,0,0,69.804%
67,9,44.953%,55.047%,0,0,0,0,0,0,0,0,0,55.047%
68,9,30.387%,63.558%,5.979%,0.075%,0.001%,0,0,0,0,0,0,69.613%
69,9,44.671%,55.329%,0,0,0,0,0,0,0,0,0,55.329%
70,9,30.769%,63.187%,5.968%,0.076%,0,0,0,0,0,0,0,69.231%
71,9,44.811%,55.189%,0,0,0,0,0,0,0,0,0,55.189%
72,9,30.902%,63.37%,5.665%,0.063%,0,0,0,0,0,0,0,69.098%
73,9,44.919%,55.081%,0,0,0,0,0,0,0,0,0,55.081%
74,9,31.12%,63.199%,5.625%,0.056%,0,0,0,0,0,0,0,68.88%
75,9,44.899%,55.101%,0,0,0,0,0,0,0,0,0,55.101%
76,9,31.232%,63.261%,5.458%,0.049%,0,0,0,0,0,0,0,68.768%
77,9,44.877%,55.123%,0,0,0,0,0,0,0,0,0,55.123%
78,9,31.76%,62.875%,5.32%,0.045%,0,0,0,0,0,0,0,68.24%
79,9,45.093%,54.907%,0,0,0,0,0,0,0,0,0,54.907%
80,9,31.728%,63.124%,5.09%,0.058%,0,0,0,0,0,0,0,68.27199999999999%
81,9,45.107%,54.893%,0,0,0,0,0,0,0,0,0,54.893%
82,9,31.753%,63.093%,5.105%,0.049%,0,0,0,0,0,0,0,68.247%
83,9,45.023%,54.977%,0,0,0,0,0,0,0,0,0,54.977%
84,9,32.068%,62.658%,5.23%,0.044%,0,0,0,0,0,0,0,67.932%
85,9,45.071%,54.929%,0,0,0,0,0,0,0,0,0,54.929%
86,9,32.084%,62.737%,5.132%,0.047%,0,0,0,0,0,0,0,67.916%
87,9,45.136%,54.864%,0,0,0,0,0,0,0,0,0,54.864%
88,9,32.136%,62.763%,5.058%,0.042%,0.001%,0,0,0,0,0,0,67.864%
89,9,44.902%,55.098%,0,0,0,0,0,0,0,0,0,55.098%
90,9,32.467%,62.672%,4.815%,0.046%,0,0,0,0,0,0,0,67.533%
91,9,45.121%,54.879%,0,0,0,0,0,0,0,0,0,54.879%
92,9,32.421%,62.737%,4.799%,0.042%,0.001%,0,0,0,0,0,0,67.57900000000001%
93,9,45.066%,54.934%,0,0,0,0,0,0,0,0,0,54.934%
94,9,32.987%,62.148%,4.822%,0.043%,0,0,0,0,0,0,0,67.013%
95,9,45.126%,54.874%,0,0,0,0,0,0,0,0,0,54.874%
96,9,32.683%,62.694%,4.589%,0.034%,0,0,0,0,0,0,0,67.31700000000001%
97,9,44.971%,55.029%,0,0,0,0,0,0,0,0,0,55.029%
98,9,33.024%,62.331%,4.616%,0.029%,0,0,0,0,0,0,0,66.976%
99,9,44.923%,55.077%,0,0,0,0,0,0,0,0,0,55.077%
100,9,33.235%,62.132%,4.608%,0.025%,0,0,0,0,0,0,0,66.765%
2,10,0,10.281%,28.209%,32.25%,19.775%,7.509%,1.717%,0.238%,0.019%,0.002%,0,100%
3,10,32.297%,67.703%,0,0,0,0,0,0,0,0,0,67.703%
4,10,0.492%,34.115%,43.608%,18.159%,3.309%,0.301%,0.016%,0,0,0,0,99.508%
5,10,39.746%,60.254%,0,0,0,0,0,0,0,0,0,60.254%
6,10,3.868%,48.958%,37.884%,8.498%,0.766%,0.025%,0.001%,0,0,0,0,96.132%
7,10,42.668%,57.332%,0,0,0,0,0,0,0,0,0,57.332%
8,10,7.466%,56.45%,31.171%,4.656%,0.251%,0.006%,0,0,0,0,0,92.534%
9,10,44.027%,55.973%,0,0,0,0,0,0,0,0,0,55.973%
10,10,10.597%,60.009%,26.264%,3.015%,0.114%,0.001%,0,0,0,0,0,89.403%
11,10,45.025%,54.975%,0,0,0,0,0,0,0,0,0,54.975%
12,10,13.344%,62.16%,22.532%,1.906%,0.058%,0,0,0,0,0,0,86.656%
13,10,45.604%,54.396%,0,0,0,0,0,0,0,0,0,54.396%
14,10,15.615%,63.131%,19.77%,1.449%,0.035%,0,0,0,0,0,0,84.385%
15,10,46.073%,53.927%,0,0,0,0,0,0,0,0,0,53.927%
16,10,17.295%,64.009%,17.582%,1.087%,0.027%,0,0,0,0,0,0,82.705%
17,10,46.134%,53.866%,0,0,0,0,0,0,0,0,0,53.866%
18,10,19.144%,63.75%,16.272%,0.821%,0.013%,0,0,0,0,0,0,80.856%
19,10,46.569%,53.431%,0,0,0,0,0,0,0,0,0,53.431%
20,10,20.229%,64.65%,14.452%,0.659%,0.01%,0,0,0,0,0,0,79.771%
21,10,47.176%,52.824%,0,0,0,0,0,0,0,0,0,52.824%
22,10,21.664%,64.145%,13.648%,0.539%,0.004%,0,0,0,0,0,0,78.336%
23,10,47.02%,52.98%,0,0,0,0,0,0,0,0,0,52.98%
24,10,22.893%,64.031%,12.577%,0.494%,0.005%,0,0,0,0,0,0,77.107%
25,10,47.305%,52.695%,0,0,0,0,0,0,0,0,0,52.695%
26,10,23.723%,64.18%,11.682%,0.412%,0.003%,0,0,0,0,0,0,76.277%
27,10,47.224%,52.776%,0,0,0,0,0,0,0,0,0,52.776%
28,10,24.767%,63.911%,10.95%,0.368%,0.004%,0,0,0,0,0,0,75.233%
29,10,47.086%,52.914%,0,0,0,0,0,0,0,0,0,52.914%
30,10,25.63%,63.659%,10.422%,0.289%,0,0,0,0,0,0,0,74.37%
31,10,47.755%,52.245%,0,0,0,0,0,0,0,0,0,52.245%
32,10,26.087%,63.782%,9.885%,0.245%,0.001%,0,0,0,0,0,0,73.913%
33,10,47.492%,52.508%,0,0,0,0,0,0,0,0,0,52.508%
34,10,27.115%,63.295%,9.35%,0.238%,0.002%,0,0,0,0,0,0,72.885%
35,10,47.694%,52.306%,0,0,0,0,0,0,0,0,0,52.306%
36,10,27.473%,63.472%,8.84%,0.214%,0.001%,0,0,0,0,0,0,72.527%
37,10,47.777%,52.223%,0,0,0,0,0,0,0,0,0,52.223%
38,10,28.169%,63.129%,8.505%,0.194%,0.003%,0,0,0,0,0,0,71.831%
39,10,47.812%,52.188%,0,0,0,0,0,0,0,0,0,52.188%
40,10,28.571%,63.17%,8.085%,0.174%,0,0,0,0,0,0,0,71.429%
41,10,48.385%,51.615%,0,0,0,0,0,0,0,0,0,51.615%
42,10,29.059%,62.756%,8.052%,0.132%,0.001%,0,0,0,0,0,0,70.941%
43,10,47.706%,52.294%,0,0,0,0,0,0,0,0,0,52.294%
44,10,29.617%,62.656%,7.578%,0.148%,0.001%,0,0,0,0,0,0,70.383%
45,10,47.929%,52.071%,0,0,0,0,0,0,0,0,0,52.071%
46,10,29.946%,62.631%,7.301%,0.121%,0.001%,0,0,0,0,0,0,70.054%
47,10,47.945%,52.055%,0,0,0,0,0,0,0,0,0,52.055%
48,10,30.365%,62.299%,7.218%,0.117%,0.001%,0,0,0,0,0,0,69.635%
49,10,47.732%,52.268%,0,0,0,0,0,0,0,0,0,52.268%
50,10,30.807%,62.265%,6.83%,0.098%,0,0,0,0,0,0,0,69.193%
51,10,48.262%,51.738%,0,0,0,0,0,0,0,0,0,51.738%
52,10,31.351%,61.872%,6.668%,0.109%,0,0,0,0,0,0,0,68.649%
53,10,48.079%,51.921%,0,0,0,0,0,0,0,0,0,51.921%
54,10,31.368%,62.04%,6.514%,0.078%,0,0,0,0,0,0,0,68.632%
55,10,48.233%,51.767%,0,0,0,0,0,0,0,0,0,51.767%
56,10,31.511%,62.158%,6.26%,0.071%,0,0,0,0,0,0,0,68.489%
57,10,48.39%,51.61%,0,0,0,0,0,0,0,0,0,51.61%
58,10,32.134%,61.748%,6.029%,0.088%,0.001%,0,0,0,0,0,0,67.866%
59,10,47.968%,52.032%,0,0,0,0,0,0,0,0,0,52.032%
60,10,32.54%,61.42%,5.973%,0.067%,0,0,0,0,0,0,0,67.46000000000001%
61,10,48.144%,51.856%,0,0,0,0,0,0,0,0,0,51.856%
62,10,32.452%,61.562%,5.903%,0.083%,0,0,0,0,0,0,0,67.548%
63,10,48.158%,51.842%,0,0,0,0,0,0,0,0,0,51.842%
64,10,32.924%,61.292%,5.715%,0.069%,0,0,0,0,0,0,0,67.076%
65,10,48.09%,51.91%,0,0,0,0,0,0,0,0,0,51.91%
66,10,33.118%,61.268%,5.541%,0.073%,0,0,0,0,0,0,0,66.882%
67,10,48.23%,51.77%,0,0,0,0,0,0,0,0,0,51.77%
68,10,33.3%,61.237%,5.41%,0.053%,0,0,0,0,0,0,0,66.7%
69,10,47.92%,52.08%,0,0,0,0,0,0,0,0,0,52.08%
70,10,33.743%,60.861%,5.345%,0.051%,0,0,0,0,0,0,0,66.257%
71,10,48.538%,51.462%,0,0,0,0,0,0,0,0,0,51.462%
72,10,33.776%,60.837%,5.327%,0.06%,0,0,0,0,0,0,0,66.22399999999999%
73,10,48.349%,51.651%,0,0,0,0,0,0,0,0,0,51.651%
74,10,33.992%,60.998%,4.966%,0.044%,0,0,0,0,0,0,0,66.00800000000001%
75,10,48.338%,51.662%,0,0,0,0,0,0,0,0,0,51.662%
76,10,34.139%,60.763%,5.046%,0.052%,0,0,0,0,0,0,0,65.86099999999999%
77,10,48.231%,51.769%,0,0,0,0,0,0,0,0,0,51.769%
78,10,34.438%,60.567%,4.94%,0.055%,0,0,0,0,0,0,0,65.562%
79,10,48.338%,51.662%,0,0,0,0,0,0,0,0,0,51.662%
80,10,34.855%,60.317%,4.783%,0.045%,0,0,0,0,0,0,0,65.14500000000001%
81,10,48.245%,51.755%,0,0,0,0,0,0,0,0,0,51.755%
82,10,34.857%,60.437%,4.668%,0.038%,0,0,0,0,0,0,0,65.143%
83,10,48.568%,51.432%,0,0,0,0,0,0,0,0,0,51.432%
84,10,35.151%,60.231%,4.582%,0.036%,0,0,0,0,0,0,0,64.84899999999999%
85,10,48.404%,51.596%,0,0,0,0,0,0,0,0,0,51.596%
86,10,35.139%,60.258%,4.563%,0.04%,0,0,0,0,0,0,0,64.86099999999999%
87,10,48.35%,51.65%,0,0,0,0,0,0,0,0,0,51.65%
88,10,35.339%,60.163%,4.458%,0.04%,0,0,0,0,0,0,0,64.661%
89,10,48.57%,51.43%,0,0,0,0,0,0,0,0,0,51.43%
90,10,35.672%,59.937%,4.35%,0.04%,0.001%,0,0,0,0,0,0,64.328%
91,10,48.466%,51.534%,0,0,0,0,0,0,0,0,0,51.534%
92,10,35.415%,60.177%,4.376%,0.032%,0,0,0,0,0,0,0,64.58500000000001%
93,10,48.478%,51.522%,0,0,0,0,0,0,0,0,0,51.522%
94,10,36.101%,59.647%,4.223%,0.029%,0,0,0,0,0,0,0,63.899%
95,10,48.532%,51.468%,0,0,0,0,0,0,0,0,0,51.468%
96,10,36.007%,59.814%,4.155%,0.024%,0,0,0,0,0,0,0,63.993%
97,10,48.601%,51.399%,0,0,0,0,0,0,0,0,0,51.399%
98,10,35.916%,59.924%,4.127%,0.033%,0,0,0,0,0,0,0,64.084%
99,10,48.314%,51.686%,0,0,0,0,0,0,0,0,0,51.686%
100,10,36.199%,59.741%,4.032%,0.028%,0,0,0,0,0,0,0,63.801%
